disease,description,precautions,doctor,diet
Fungal infection,"A fungal infection affecting the skin, nails, or hair caused by fungi.","Keep skin clean and dry;Avoid sharing towels and clothes;Use prescribed antifungal medication;Consult a dermatologist","Dermatologist","Drink plenty of water;Eat probiotic foods;Reduce sugar intake"
Allergy,"An immune system reaction to allergens such as pollen, dust, food, or medications.","Avoid known allergens;Take prescribed antihistamines;Wear a mask in dusty environments;Seek medical advice if symptoms worsen","Allergist","Vitamin C rich fruits;Stay hydrated;Eat anti-inflammatory foods"
GERD,"Gastroesophageal reflux disease causes stomach acid to flow back into the esophagus.","Avoid spicy and oily foods;Eat small meals;Avoid lying down immediately after eating;Maintain a healthy weight","Gastroenterologist","Low-fat meals;Oatmeal;Bananas;Green vegetables"
Chronic cholestasis,"A condition where bile flow from the liver is reduced or blocked.","Avoid alcohol;Follow prescribed medications;Eat a low-fat diet;Consult a liver specialist","Hepatologist","Low-fat diet;Fresh fruits;Whole grains"
Drug Reaction,"An unwanted or adverse reaction caused by certain medications.","Stop suspected medicine after medical advice;Seek immediate medical attention if severe;Avoid self-medication;Keep record of known drug allergies","General Physician","Soft diet;Drink plenty of fluids;Avoid irritating foods"
Peptic ulcer disease,"Sores that develop in the lining of the stomach, lower esophagus, or small intestine.","Avoid spicy and acidic foods;Limit alcohol and caffeine;Do not skip meals;Take prescribed antacids","Gastroenterologist","Bland diet;High-fiber foods;Probiotics;Lean proteins"
AIDS,"A chronic, potentially life-threatening condition caused by the human immunodeficiency virus (HIV).","Follow antiretroviral therapy (ART) strictly;Practice safe sex;Avoid sharing needles;Maintain strong personal hygiene","Infectious Disease Specialist","High-protein diet;Calorie-dense foods;Clean cooked food;Hydration"
Diabetes,"A chronic metabolic disease characterized by elevated levels of blood glucose.","Monitor blood sugar regularly;Follow insulin or medication schedules;Exercise daily;Avoid refined sugars","Endocrinologist","Low-GI foods;High-fiber vegetables;Whole grains;Lean protein"
Gastroenteritis,"An intestinal infection marked by watery diarrhea, abdominal cramps, nausea, and fever.","Stay hydrated with oral rehydration solutions;Eat bland foods;Practice strict hand hygiene;Rest well","Gastroenterologist","BRAT diet (Bananas, Rice, Applesauce, Toast);Electrolyte solutions"
Bronchial Asthma,"A condition in which air passages narrow and swell and may produce extra mucus.","Avoid dust and cold exposure;Keep inhaler accessible at all times;Avoid respiratory irritants;Get flu vaccinations","Pulmonologist","Warm fluids;Magnesium-rich foods;Antioxidant-rich fruits"
Hypertension,"A condition in which the force of the blood against artery walls is consistently too high.","Reduce salt intake;Monitor blood pressure regularly;Exercise daily;Manage stress and avoid smoking","Cardiologist","DASH diet;Low-sodium foods;Potassium-rich fruits;Leafy greens"
Migraine,"A neurological condition causing severe throbbing headache, usually on one side of the head.","Avoid trigger foods;Maintain regular sleep schedules;Stay in a quiet dark room during attacks;Stay well hydrated","Neurologist","Magnesium-rich foods;Hydration;Avoid aged cheeses and processed meats"
Cervical spondylosis,"Age-related wear and tear affecting the spinal disks in the neck.","Maintain good posture;Perform neck exercises;Use supportive pillows;Avoid heavy lifting","Orthopedic Specialist","Anti-inflammatory foods;Calcium-rich dairy;Omega-3 fatty acids"
Paralysis (brain hemorrhage),"Loss of muscle function caused by bleeding within the brain tissue.","Undergo physical therapy;Take anti-hypertensive drugs as prescribed;Prevent falls;Ensure regular medical follow-ups","Neurologist","Soft easy-to-swallow foods;Low-sodium meals;Nutrient-rich smoothies"
Jaundice,"A yellow discoloration of the skin and eyes caused by high bilirubin levels.","Avoid alcohol and oily foods;Take adequate rest;Drink boiled water;Consult a doctor for liver function tests","Hepatologist","Sugarcane juice;Fresh fruits;Light low-fat meals;Plenty of water"
Malaria,"A mosquito-borne disease caused by Plasmodium parasites.","Use mosquito nets;Complete prescribed antimalarial course;Stay hydrated;Avoid mosquito breeding areas","General Physician","Fluids;High-protein foods;Fresh fruits;Boiled water"
Chicken pox,"A highly contagious viral infection causing an itchy, spotty rash all over the body.","Avoid scratching blisters;Maintain hygiene;Take antiviral medicine if prescribed;Isolate to prevent spread","General Physician","Soft light foods;Plenty of fluids;Cold yogurt;Fresh fruits"
Dengue,"A mosquito-borne viral infection causing high fever, severe body aches, and skin rash.","Drink plenty of fluids;Monitor platelet counts;Avoid self-medicating with aspirin or NSAIDs;Get ample rest","General Physician","Coconut water;Fresh fruit juices;Protein-rich foods;Light soups"
Typhoid,"A bacterial infection spread through contaminated food and water.","Complete antibiotic course;Drink safe or boiled water;Maintain hand hygiene;Eat light soft foods","General Physician","Soft rice;Curd;Boiled potatoes;Clear broths"
Hepatitis A,"An infectious liver disease caused by the Hepatitis A virus, spread through contaminated food or water.","Maintain personal hygiene;Drink purified water;Avoid alcohol completely;Ensure full bed rest","Hepatologist","Low-fat diet;Fresh fruits;Carbohydrate-rich light meals"
Hepatitis B,"A serious liver infection caused by the Hepatitis B virus, spread through infected blood or fluids.","Take antiviral medications if prescribed;Avoid alcohol;Schedule regular liver checkups;Avoid sharing personal items","Hepatologist","Balanced diet;Protein-rich foods;Fresh vegetables;Whole grains"
Hepatitis C,"A viral infection causing liver inflammation, sometimes leading to serious liver damage.","Avoid alcohol and liver-toxic drugs;Take prescribed antiviral medications;Maintain routine checkups","Hepatologist","Antioxidant-rich foods;Low-sodium meals;Lean poultry;Vegetables"
Hepatitis D,"A liver disease caused by the Hepatitis D virus, occurring only in people infected with Hepatitis B.","Follow Hepatitis B treatments;Avoid alcohol;Get adequate rest;Seek specialist consultation","Hepatologist","Easy-to-digest light meals;High-protein soups;Fresh fruits"
Hepatitis E,"A liver disease caused by Hepatitis E virus, usually transmitted through contaminated drinking water.","Drink boiled or purified water;Maintain hygiene;Avoid raw or undercooked foods;Rest completely","Hepatologist","Low-fat diet;Hydrating fluids;Fresh fruit juices;Boiled grains"
Alcoholic hepatitis,"Liver inflammation caused by drinking excess alcohol over many years.","Stop alcohol consumption completely;Eat a nutritious high-protein diet;Take prescribed liver supplements","Hepatologist","High-calorie high-protein meals;Vitamin supplements;Plenty of water"
Tuberculosis,"A potentially serious infectious bacterial disease that mainly affects the lungs.","Complete full antibiotic course;Wear a mask to prevent spread;Ensure good room ventilation;Get regular checkups","Pulmonologist","Protein-dense diet;Milk and dairy;Calorie-rich foods;Fresh fruits"
Common Cold,"A viral infection of the upper respiratory tract affecting the nose and throat.","Drink warm fluids;Take steam inhalation;Rest adequately;Cover mouth while coughing","General Physician","Warm soups;Ginger tea;Vitamin C rich fruits;Hydrating fluids"
Pneumonia,"An infection that inflames air sacs in one or both lungs, which may fill with fluid.","Complete prescribed antibiotics or antivirals;Get adequate bed rest;Stay warm and hydrated;Avoid smoking","Pulmonologist","Protein-rich soups;Warm water;Whole grains;Citrus fruits"
Dimorphic hemmorhoids(piles),"Swollen veins in the lower rectum and anus causing discomfort or bleeding.","Eat a high-fiber diet;Drink plenty of water;Avoid straining during bowel movements;Take sitz baths","Proctologist","High-fiber foods;Whole grains;Leafy green vegetables;Plenty of water"
Heart attack,"A medical emergency where blood flow to a part of the heart muscle is blocked.","Seek immediate emergency care;Take prescribed cardiac medications;Avoid smoking and stress;Follow cardiac rehabilitation","Cardiologist","Heart-healthy diet;Low-saturated fat;Low-sodium foods;Omega-3 rich fish"
Varicose veins,"Gnarled, enlarged veins most commonly appearing in the legs.","Avoid prolonged standing or sitting;Elevate legs while resting;Wear compression stockings;Exercise regularly","Vascular Surgeon","High-fiber foods;Flavonoid-rich berries;Low-sodium diet;Water"
Hypothyroidism,"A condition in which the thyroid gland doesn't produce enough crucial thyroid hormones.","Take thyroid hormone replacement daily on an empty stomach;Monitor TSH levels regularly;Exercise consistently","Endocrinologist","Iodized salt;Selenium-rich nuts;Fiber-rich vegetables;Lean protein"
Hyperthyroidism,"The overproduction of a hormone by the thyroid gland, accelerating body metabolism.","Take anti-thyroid medications as prescribed;Avoid excess iodine intake;Manage stress;Monitor heart rate","Endocrinologist","Non-iodized salt;Cruciferous vegetables;Calcium and Vitamin D rich foods"
Hypoglycemia,"An abnormally low level of blood glucose, often associated with diabetes treatment.","Consume fast-acting sugar immediately (juice/candy);Check blood sugar levels;Eat regular balanced meals","Endocrinologist","Complex carbohydrates;Whole grains;Frequent balanced meals;Protein snacks"
Osteoarthristis,"A type of arthritis that occurs when flexible tissue at the ends of bones wears down.","Perform low-impact exercises;Maintain a healthy body weight;Use hot/cold therapy;Take joint supplements","Rheumatologist","Anti-inflammatory foods;Omega-3 fatty acids;Calcium and Vitamin D;Berries"
Arthritis,"Inflammation of one or more joints, causing pain and stiffness that can worsen with age.","Stay physically active with low-impact exercises;Apply hot/cold compresses;Maintain optimal weight","Rheumatologist","Anti-inflammatory diet;Cherries;Turmeric;Fish oil;Green tea"
(vertigo) Paroymsal  Positional Vertigo,"A condition causing short episodes of intense dizziness triggered by head movements.","Perform Epley maneuver under guidance;Move head slowly;Avoid sudden head position changes;Ensure safe environment","ENT Specialist","Hydration;Low-salt diet;Avoid caffeine and alcohol"
Acne,"A skin condition that occurs when hair follicles become plugged with oil and dead skin cells.","Wash face gently twice daily;Avoid squeezing pimples;Use non-comedogenic skin products;Stay hydrated","Dermatologist","Low-GI foods;Zinc-rich foods;Plenty of water;Avoid excessive dairy"
Urinary tract infection,"An infection in any part of the urinary system, including kidneys, bladder, or urethra.","Drink plenty of water;Do not delay urination;Maintain personal hygiene;Complete prescribed antibiotics","Urologist","Cranberry juice;Plenty of water;Probiotic foods;Avoid caffeine"
Psoriasis,"A condition in which skin cells build up and form scales and itchy, dry patches.","Moisturize skin daily;Avoid skin trauma and stress triggers;Take prescribed topical or oral medications","Dermatologist","Anti-inflammatory foods;Omega-3 rich fish;Leafy greens;Avoid alcohol"
Impetigo,"A highly contagious bacterial skin infection causing red sores that pop and form yellow crusts.","Keep sores clean and covered;Wash hands frequently;Do not share towels or linens;Use prescribed antibiotic ointment","Dermatologist","Nutrient-rich diet;Protein for skin repair;Hydrating fluids"